"ID","od","dd","size","price","tax","a6","a7","a8","a9"
103939,"2012-06-26","?","l",NA,5.68,4,"1900-11-19",8,0
11788,"2012-04-10","2012-04-11","l",49.9,9.48,4,"1953-05-24",7,1
96553,"2012-06-20","2012-06-21","m",59.9,11.38,4,"1954-04-10",11,0
100950,"2012-06-24","2012-06-26","l",69.9,13.28,4,"1965-01-11",7,0
223454,"2012-09-22","2012-10-08","xxl",89.9,17.08,4,"1962-05-11",10,0
63989,"2012-05-22","2012-05-23","xxl",39.9,7.58,4,"1955-05-23",15,1
195019,"2012-09-06","2012-09-07","xl",39.9,7.58,4,"1969-03-25",10,1
183130,"2012-08-25","2012-08-29","m",59.9,11.38,2,"1971-04-15",1,0
337506,"2013-01-13","2013-01-21","S",69.9,13.28,4,"1957-01-23",1,1
477624,"2013-03-29","2013-04-11","XL",39.9,7.58,4,"1967-07-03",11,0
56673,"2012-05-17","2012-05-22","l",69.9,13.28,4,"1967-06-22",7,0
4303,"2012-04-05","2012-04-09","l",59.9,11.38,4,"1966-11-30",3,0
429585,"2013-03-06","2013-03-07","L",69.9,13.28,4,"1969-02-06",15,1
147625,"2012-08-01","2012-08-03","m",199.9,37.98,4,"1977-07-21",8,1
249941,"2012-10-15","2012-10-22","m",199.9,37.98,4,"?",7,1
254168,"2012-10-18","2012-12-07","m",29.9,5.68,4,"1961-11-20",2,0
201275,"2012-09-12","2012-11-09","s",39.9,7.58,4,"1952-11-30",10,1
470819,"2013-03-25","2013-04-19","XXL",49.9,9.48,4,"?",10,0
177251,"2012-08-22","2012-09-24","xl",34.95,6.64,4,"1970-02-23",10,0
249392,"2012-10-14","2012-10-30","xxl",99.9,18.98,4,"1960-09-24",10,0
436295,"2013-03-09","2013-03-11","L",16.9,3.21,4,"1955-02-17",8,1
10060,"2012-04-08","2012-04-13","m",21.9,4.16,3,"1970-11-19",6,0
157244,"2012-08-07","2012-08-08","xxl",29.9,5.68,4,"1968-07-03",7,1
54754,"2012-05-15","2012-05-18","xl",69.9,13.28,4,"?",10,1
269509,"2012-10-30","2012-12-12","m",49.9,9.48,4,"1956-03-13",15,0
442174,"2013-03-11","2013-03-12","M",49.9,9.48,4,"1957-03-10",11,0
197437,"2012-09-08","2012-09-14","xl",26.9,5.11,4,"1959-09-01",10,0
190288,"2012-09-02","2012-09-04","xxl",39.9,7.58,4,"1960-11-06",15,0
466394,"2013-03-23","2013-05-01","XXL",26.9,5.11,4,"1959-01-12",10,0
414885,"2013-03-01","2013-03-05","XXL",69.9,13.28,4,"1971-09-13",10,1
93083,"2012-06-16","2012-06-19","xl",59.9,11.38,4,"1968-04-03",10,0
468748,"2013-03-24","2013-05-30","L",26.9,5.11,4,"1965-05-29",2,0
236984,"2012-10-03","2012-10-04","xxl",34.9,6.63,4,"1980-07-03",2,1
436840,"2013-03-09","2013-03-12","XXL",119.9,22.78,4,"1953-11-21",8,1
2292,"2012-04-02","?","s",9.9,1.88,4,"1972-12-09",11,0
427391,"2013-03-05","2013-03-07","XL",24.9,4.73,4,"?",15,0
399018,"2013-02-22","?","XL",79.9,15.18,4,"1977-08-03",13,0
455079,"2013-03-17","2013-03-19","M",29.9,5.68,4,"1957-06-17",7,1
115040,"2012-06-29","2012-07-02","xxl",44.9,8.53,4,"1958-12-31",7,1
373926,"2013-02-01","2013-04-18","S",59.9,11.38,4,"1966-07-18",7,0
463207,"2013-03-21","2013-04-25","L",79.9,15.18,4,"1958-05-15",10,0
359219,"2013-01-22","2013-01-24","M",49.9,9.48,4,"1966-06-09",10,1
293544,"2012-12-03","2012-12-05","M",29.9,5.68,4,"1968-11-08",8,1
83244,"2012-06-06","2012-06-07","m",69.95,13.29,4,"1969-10-07",11,1
197249,"2012-09-08","2012-09-11","l",16.9,3.21,4,"1977-09-01",8,0
93272,"2012-06-16","2012-06-19","l",24.9,4.73,4,"1960-05-21",11,1
403856,"2013-02-25","2013-02-27","L",34.9,6.63,4,"?",8,0
341279,"2013-01-14","?","XXL",19.9,3.78,4,"1970-02-26",2,0
117719,"2012-06-29","2012-07-06","s",39.9,7.58,4,"1969-05-05",1,0
450897,"2013-03-15","2013-03-18","L",26.9,5.11,4,"1966-03-23",8,0
479396,"2013-03-30","2013-04-04","XL",99.9,18.98,4,"1975-06-16",1,1
273843,"2012-11-05","2012-11-06","m",26.9,5.11,4,"1949-11-19",2,1
301628,"2012-12-15","2012-12-17","M",29.9,5.68,4,"1979-08-23",1,1
435237,"2013-03-08","2013-03-13","M",99.9,18.98,4,"1959-07-06",5,0
115175,"2012-06-29","?","l",17.4,3.31,4,"1965-06-08",2,0
441421,"2013-03-11","2013-03-13","L",69.9,13.28,4,"1969-09-23",1,0
334569,"2013-01-12","2013-02-04","S",49.9,9.48,4,"?",2,1
370945,"2013-01-30","2013-01-31","L",24.9,4.73,4,"1961-07-16",7,1
327562,"2013-01-10","?","XL",29.9,5.68,4,"1979-05-07",11,0
68262,"2012-05-25","2012-05-29","xl",69.9,13.28,4,"1962-07-17",5,1
83912,"2012-06-07","2012-06-12","xxl",29.9,5.68,4,"1963-03-02",1,1
157494,"2012-08-07","2012-08-08","s",49.9,9.48,4,"1964-04-14",7,0
186702,"2012-08-29","2012-08-31","xxl",89.9,17.08,4,"1961-05-06",3,0
33536,"2012-04-26","2012-04-30","m",99.9,18.98,4,"1966-07-20",11,1
416592,"2013-03-02","?","XL",26.9,5.11,4,"1951-08-21",10,0
125406,"2012-07-03","2012-07-04","m",59.9,11.38,4,"1967-06-10",10,0
290784,"2012-11-28","?","L",119.9,22.78,4,"1971-01-19",5,0
161594,"2012-08-09","2012-08-13","xl",26.9,5.11,4,"1961-11-26",11,1
260795,"2012-10-22","2012-10-24","l",49.9,9.48,4,"?",9,0
391099,"2013-02-15","?","XL",99.9,18.98,4,"1962-04-26",8,0
73622,"2012-05-29","2012-06-01","m",49.9,9.48,4,"1965-04-22",10,1
88366,"2012-06-10","2012-06-18","xl",49.9,9.48,4,"1966-01-14",2,1
329515,"2013-01-10","?","M",29.9,5.68,4,"1958-07-31",3,0
409093,"2013-02-28","2013-03-01","L",44.9,8.53,4,"1967-08-20",14,1
95941,"2012-06-19","2012-06-20","m",59.9,11.38,4,"1962-09-09",10,0
58412,"2012-05-18","2012-05-22","l",39.9,7.58,4,"1981-05-07",11,0
326256,"2013-01-09","2013-01-11","XXL",16.9,3.21,4,"1955-04-09",10,0
480356,"2013-03-31","2013-06-21","XL",69.9,13.28,4,"1960-07-23",1,1
274307,"2012-11-05","2012-11-07","xxl",19.9,3.78,4,"1944-11-12",8,0
184278,"2012-08-27","2012-08-29","m",26.9,5.11,4,"?",7,0
97922,"2012-06-21","2012-06-26","xl",9.9,1.88,4,"1973-06-06",10,0
219401,"2012-09-19","2012-09-21","m",21.9,4.16,4,"1950-05-15",1,0
10444,"2012-04-08","2012-04-11","s",39.9,7.58,4,"1969-09-18",13,0
294970,"2012-12-05","2012-12-06","L",49.9,9.48,4,"1957-11-18",11,1
108988,"2012-06-27","?","xl",16.4,3.12,4,"1962-10-01",1,0
215227,"2012-09-17","2012-09-26","xl",59.9,11.38,4,"1958-10-14",5,1
329519,"2013-01-10","?","M",29.9,5.68,4,"1958-07-31",3,0
52484,"2012-05-13","2012-05-15","l",21.9,4.16,4,"1970-12-31",10,1
462142,"2013-03-21","2013-04-09","L",79.9,15.18,4,"?",5,1
433447,"2013-03-07","2013-03-11","XL",69.9,13.28,4,"1976-11-17",11,0
210475,"2012-09-15","2012-11-05","l",59.9,11.38,4,"1970-07-03",10,0
101474,"2012-06-24","2012-06-26","xxl",49.9,9.48,4,"1960-09-28",10,0
75052,"2012-05-30","2012-06-01","m",21.9,4.16,4,"1978-02-10",8,0
462948,"2013-03-21","2013-03-22","m",64.9,12.33,4,"1955-12-12",2,0
46569,"2012-05-08","?","xl",29.9,5.68,4,"1963-08-25",2,0
361983,"2013-01-24","2013-01-25","XXL",29.9,5.68,4,"1970-09-10",8,0
74900,"2012-05-30","2012-06-01","xl",29.9,5.68,4,"1970-03-28",1,0
282024,"2012-11-17","2013-01-04","XL",49.9,9.48,4,"1972-09-11",2,1
139449,"2012-07-20","2012-07-23","xxl",39.9,7.58,4,"1967-09-08",10,0
97884,"2012-06-21","2012-06-22","xl",59.9,11.38,4,"1979-12-19",2,1
462930,"2013-03-21","2013-04-04","L",49.9,9.48,4,"1963-09-16",10,1
364931,"2013-01-26","2013-01-28","S",99.9,18.98,4,"?",10,0
142519,"2012-07-25","2012-07-26","l",49.9,9.48,4,"1963-08-31",10,0
114142,"2012-06-29","2012-07-16","xl",34.9,6.63,4,"1963-08-12",10,0
90454,"2012-06-14","2012-06-27","l",49.9,9.48,4,"1953-07-10",1,0
342635,"2013-01-14","2013-01-15","XL",59.9,11.38,4,"1962-10-24",15,0
264691,"2012-10-25","2012-10-30","l",49.9,9.48,4,"1953-06-09",1,0
219384,"2012-09-19","2012-10-30","xxl",49.9,9.48,4,"1960-12-25",10,1
211086,"2012-09-15","2012-09-18","l",69.9,13.28,4,"1959-12-20",10,1
130509,"2012-07-06","2012-07-16","xxl",39.9,7.58,4,"1972-12-09",3,0
64300,"2012-05-22","2012-05-24","xxl",39.9,7.58,4,"1958-02-26",10,0
137453,"2012-07-16","2012-07-19","m",39.9,7.58,4,"1984-03-14",2,1
305176,"2012-12-18","2012-12-19","XXL",59.9,11.38,4,"1971-01-03",8,0
281973,"2012-11-17","2012-11-20","M",39.9,7.58,4,"1959-12-09",15,0
329193,"2013-01-10","2013-02-19","L",34.9,6.63,4,"1964-11-15",10,1
182905,"2012-08-26","2012-08-28","m",69.9,13.28,4,"1965-11-12",10,1
475119,"2013-03-28","2013-03-29","M",49.9,9.48,4,"1962-12-23",10,1
14401,"2012-04-10","2012-04-13","m",29.9,5.68,4,"1957-08-10",8,0
430007,"2013-03-06","2013-04-04","XL",24.9,4.73,4,"1959-01-16",8,0
60966,"2012-05-20","2012-05-23","s",19.9,3.78,4,"1972-03-28",10,1
313041,"2012-12-29","2013-01-01","XL",109,20.71,4,"1970-05-12",10,0
415686,"2013-03-02","2013-03-04","L",79.9,15.18,4,"1967-08-25",10,0
55351,"2012-05-16","2012-05-17","l",69.9,13.28,4,"1963-08-07",1,1
432909,"2013-03-07","2013-03-08","m",59.9,11.38,4,"1959-08-29",1,0
341470,"2013-01-14","2013-04-04","XL",79.9,15.18,4,"1972-06-29",13,1
292289,"2012-12-01","2012-12-06","XXL",39.9,7.58,4,"1968-03-15",10,0
324761,"2013-01-09","2013-02-21","XXL",89.9,17.08,4,"1957-02-05",15,1
142400,"2012-07-25","2012-07-26","xl",159.95,30.39,4,"1970-03-13",3,1
135559,"2012-07-12","2012-07-16","l",19.9,3.78,4,"1976-04-26",2,1
40701,"2012-05-02","2012-05-04","m",199.95,37.99,4,"1976-12-20",10,1
91047,"2012-06-14","2012-06-18","xl",29.9,5.68,4,"1970-03-08",2,1
374853,"2013-02-02","2013-02-12","S",59.9,11.38,4,"1965-01-18",2,0
201441,"2012-09-12","2012-10-29","l",49.9,9.48,4,"1953-11-23",1,1
372932,"2013-02-01","2013-02-04","L",79.9,15.18,4,"1960-05-16",7,0
453193,"2013-03-18","2013-05-03","xxl",59.9,11.38,4,"1953-11-25",3,0
389513,"2013-02-14","2013-02-15","xxl",34.9,6.63,4,"1957-04-14",11,1
353188,"2013-01-19","2013-04-22","M",169.95,32.29,3,"?",2,0
35349,"2012-04-27","2012-04-30","xl",19.9,3.78,4,"1969-12-14",10,0
454546,"2013-03-17","2013-03-20","L",49.9,9.48,4,"1958-08-22",10,0
102226,"2012-06-25","2012-06-26","xxl",69.9,13.28,4,"1947-11-24",5,1
306885,"2012-12-20","2012-12-21","XXL",69.9,13.28,4,"1945-05-08",3,0
28686,"2012-04-22","2012-04-26","l",39.9,7.58,4,"1970-08-21",10,0
12123,"2012-04-09","2012-04-27","m",69.9,13.28,4,"1947-10-11",10,1
161824,"2012-08-09","2012-08-13","l",29.9,5.68,4,"1969-06-18",10,1
97822,"2012-06-21","2012-06-22","xl",39.9,7.58,4,"1956-04-24",2,0
206729,"2012-09-15","2012-10-23","l",29.9,5.68,4,"1954-05-11",10,0
151730,"2012-08-04","2012-08-07","m",24.9,4.73,4,"1957-08-03",10,0
456032,"2013-03-18","2013-03-19","M",79.9,15.18,4,"1960-07-08",1,1
317369,"2013-01-03","2013-02-04","XXL",69.9,13.28,4,"1967-06-23",10,0
472583,"2013-03-26","2013-03-28","XL",39.9,7.58,4,"1944-08-08",1,0
192560,"2012-09-04","2012-10-29","m",159.9,30.38,4,"1964-02-04",10,1
472002,"2013-03-26","2013-05-06","M",49.9,9.48,4,"1973-05-05",1,1
448381,"2013-03-14","2013-04-09","XL",69.9,13.28,4,"1950-01-10",1,0
474814,"2013-03-27","2013-04-01","L",79.9,15.18,4,"?",10,1
397165,"2013-02-20","2013-03-25","M",39.9,7.58,4,"1949-11-19",9,0
433356,"2013-03-07","2013-04-17","s",79.9,15.18,4,"1944-12-10",10,0
79522,"2012-06-03","2012-06-12","xl",79.9,15.18,4,"1973-12-18",10,0
221329,"2012-09-20","2012-10-09","m",29.9,5.68,4,"1964-10-05",10,0
246697,"2012-10-12","2012-10-15","xl",17.9,3.4,4,"1961-05-07",10,0
98774,"2012-06-22","2012-06-26","xl",9.9,1.88,4,"1967-03-29",10,1
278663,"2012-11-12","2012-11-14","L",24.9,4.73,4,"1980-04-14",7,1
447202,"2013-03-14","2013-03-18","XL",69.9,13.28,4,"1953-03-28",1,0
69301,"2012-05-26","?","xxl",24.9,4.73,4,"1969-03-31",11,0
445369,"2013-03-13","2013-04-17","s",79.9,15.18,4,"1950-04-01",10,1
288034,"2012-11-25","2012-11-27","L",21.9,4.16,4,"1954-11-13",11,0
443736,"2013-03-12","2013-04-15","xl",39.9,7.58,4,"?",11,0
437777,"2013-03-09","2013-03-13","L",39.9,7.58,4,"?",8,1
375491,"2013-02-03","2013-02-14","L",109.9,20.88,4,"?",13,1
59481,"2012-05-19","2012-05-22","xl",29.9,5.68,4,"1951-08-20",1,0
165933,"2012-08-12","2012-09-10","xxxl",119.95,22.79,4,"1950-11-23",2,0
300126,"2012-12-12","2012-12-14","XL",359,68.21,4,"1958-01-20",8,1
167782,"2012-08-13","2012-08-29","l",39.9,7.58,4,"1954-08-23",15,1
388828,"2013-02-13","?","XXL",26.9,5.11,4,"?",4,0
239711,"2012-10-06","?","xxl",24.9,4.73,4,"1969-05-31",4,0
110251,"2012-06-27","2012-06-29","l",14.9,2.83,4,"1964-07-10",10,0
63263,"2012-05-21","2012-05-23","xxl",69.9,13.28,4,"1956-06-29",2,0
25791,"2012-04-20","2012-04-24","l",49.9,9.48,4,"1970-06-20",7,1
459150,"2013-03-19","2013-03-20","XL",39.9,7.58,4,"1955-07-19",10,0
393016,"2013-02-17","2013-02-21","M",16.9,3.21,4,"1963-08-19",2,0
134205,"2012-07-13","2012-07-17","m",49.9,9.48,4,"1952-05-13",8,1
179202,"2012-08-23","2012-08-27","xl",49.9,9.48,4,"1965-05-22",16,1
264663,"2012-10-26","2012-10-30","m",79.9,15.18,4,"1955-05-13",11,0
113302,"2012-06-28","2012-07-03","xxl",49.9,9.48,4,"1954-05-20",15,1
238515,"2012-10-05","2013-01-04","m",29.9,5.68,4,"1961-05-28",7,0
80789,"2012-06-04","2012-06-05","xxl",59.9,11.38,4,"1959-09-23",6,0
474585,"2013-03-27","2013-03-29","L",24.9,4.73,4,"1973-05-10",13,1
379210,"2013-02-06","2013-02-07","L",28.9,5.49,4,"1964-03-11",4,0
244152,"2012-10-09","2012-10-15","xl",39.9,7.58,4,"1959-08-13",2,1
162757,"2012-08-10","2012-08-13","l",79.9,15.18,4,"1970-08-23",8,1
87056,"2012-06-10","2012-06-14","l",39.9,7.58,4,"1939-05-14",10,0
200832,"2012-09-11","2012-10-30","s",99.9,18.98,4,"?",11,1
157818,"2012-08-07","2012-08-08","s",79.9,15.18,4,"1967-02-14",9,1
121815,"2012-07-01","2012-07-03","xxl",44.9,8.53,4,"1971-03-18",10,1
268799,"2012-10-30","2012-11-01","xxl",39.9,7.58,4,"1960-04-01",1,1
388384,"2013-02-13","2013-02-14","m",109.9,20.88,4,"1969-05-15",11,0
210324,"2012-09-17","2012-10-08","m",21.9,4.16,4,"1974-10-27",15,1
33538,"2012-04-26","2012-04-30","m",89.9,17.08,4,"1966-07-20",11,1
223041,"2012-09-22","2012-09-25","l",29.9,5.68,4,"1962-08-23",1,1
339815,"2013-01-13","2013-01-17","XXL",89.9,17.08,4,"1958-04-28",2,1
372038,"2013-01-31","2013-02-05","XL",34.9,6.63,4,"1973-09-17",14,0
402938,"2013-02-24","2013-02-26","S",59.9,11.38,4,"1976-06-15",1,1
118406,"2012-06-30","2012-07-03","l",44.9,8.53,4,"1961-11-24",1,1
187158,"2012-08-30","2012-08-31","l",24.9,4.73,4,"1972-10-31",10,1
413999,"2013-03-01","2013-03-05","XXL",49.9,9.48,4,"1958-10-17",11,0
369702,"2013-01-29","2013-01-30","S",69.9,13.28,4,"1951-08-29",11,1
301537,"2012-12-15","2012-12-18","L",49.9,9.48,4,"1963-03-27",7,1
61154,"2012-05-20","2012-05-23","xl",14.9,2.83,4,"1973-01-11",16,0
197142,"2012-09-08","2012-09-11","xl",16.9,3.21,4,"1976-05-22",10,1
364612,"2013-01-25","2013-01-29","L",24.9,4.73,4,"1953-03-07",8,1
334202,"2013-01-12","2013-01-21","XL",59.9,11.38,4,"1965-11-10",3,1
103155,"2012-06-25","2012-06-27","xxl",89.9,17.08,4,"1964-08-06",9,1
133852,"2012-07-13","2012-07-17","l",24.9,4.73,3,"1959-10-12",8,1
268387,"2012-10-30","2012-11-26","l",59.9,11.38,4,"1967-01-29",15,0
474968,"2013-03-26","?","M",79.9,15.18,4,"1957-02-10",1,0
23057,"2012-04-18","2012-04-19","l",69.9,13.28,4,"?",1,1
366211,"2013-01-26","2013-01-29","XL",64.9,12.33,4,"1963-06-03",6,1
87908,"2012-06-11","2012-07-18","xl",54.9,10.43,4,"1966-03-23",8,0
85077,"2012-06-08","2012-06-13","xxl",69.9,13.28,3,"1978-08-08",16,0
321982,"2013-01-07","2013-04-15","XXL",49.9,9.48,4,"1972-07-13",15,0
16589,"2012-04-12","2012-04-14","xl",139.9,26.58,4,"1965-06-24",1,1
287965,"2012-11-25","2012-11-29","XL",69.9,13.28,4,"1967-11-26",1,1
404590,"2013-02-25","2013-02-27","L",24.9,4.73,4,"1970-06-19",15,1
291496,"2012-11-30","2012-12-03","L",89.9,17.08,4,"1953-10-27",11,0
304930,"2012-12-17","2012-12-20","S",179,34.01,4,"1975-01-24",7,1
354268,"2013-01-19","2013-01-25","XL",29.9,5.68,4,"1955-10-27",10,0
393279,"2013-02-17","2013-02-20","M",24.9,4.73,4,"1969-09-28",10,1
237115,"2012-10-03","2012-10-04","l",26.9,5.11,4,"1970-11-07",10,0
408333,"2013-02-27","?","L",69.9,13.28,4,"?",6,0
401813,"2013-02-23","2013-02-26","L",44.9,8.53,4,"1974-03-13",6,1
462429,"2013-03-21","2013-03-22","M",69.9,13.28,4,"1960-12-28",10,1
13903,"2012-04-10","2012-04-11","m",69.9,13.28,4,"1957-01-26",2,0
422583,"2013-03-03","2013-03-06","XXL",26.9,5.11,4,"1961-12-30",10,0
55550,"2012-05-16","2012-05-18","l",12.9,2.45,4,"1966-09-13",1,0
98246,"2012-06-21","2012-06-22","m",34.9,6.63,4,"1969-12-04",1,1
149415,"2012-08-03","2012-08-06","xxl",39.9,7.58,4,"1979-01-23",8,0
346472,"2013-01-16","2013-04-22","S",39.9,7.58,4,"1975-01-23",1,1
356895,"2013-01-20","2013-02-27","L",89.9,17.08,4,"1959-03-11",8,0
315126,"2012-12-31","2013-01-02","L",189,35.91,4,"1953-05-20",3,1
293033,"2012-12-03","2012-12-04","XL",39.9,7.58,4,"1960-12-11",10,0
282613,"2012-11-17","2012-11-21","M",69.9,13.28,4,"1977-08-09",2,1
430247,"2013-03-06","2013-03-08","XXL",29.9,5.68,4,"1959-11-03",3,0
172235,"2012-08-17","2012-08-21","xl",59.9,11.38,4,"1954-12-10",10,1
201634,"2012-09-12","2012-09-13","l",24.9,4.73,4,"?",10,1
340413,"2013-01-13","2013-01-17","XXL",59.9,11.38,4,"1974-11-05",1,1
254939,"2012-10-18","2012-11-09","xl",21.9,4.16,4,"1970-05-10",2,0
448147,"2013-03-14","2013-04-09","M",24.9,4.73,4,"1965-08-10",2,1
432334,"2013-03-07","2013-04-18","XL",79.9,15.18,4,"1971-09-02",8,1
425373,"2013-03-04","2013-03-07","M",39.9,7.58,4,"1974-04-02",2,1
193122,"2012-09-04","2012-09-06","xxl",79.9,15.18,4,"1968-08-19",3,0
346799,"2013-01-16","2013-01-17","XXL",26.9,5.11,4,"1957-12-03",1,0
115832,"2012-06-29","2012-07-03","l",89.9,17.08,4,"1969-11-13",1,1
142773,"2012-07-25","2012-07-30","l",49.9,9.48,4,"1964-10-14",11,0
426225,"2013-03-05","2013-03-07","M",29.9,5.68,4,"1969-09-03",1,1
90571,"2012-06-14","2012-06-15","m",29.9,5.68,4,"1967-10-22",15,0
428778,"2013-03-05","2013-03-08","XL",79.9,15.18,4,"1964-06-23",2,1
39681,"2012-05-01","2012-05-03","xl",89.9,17.08,4,"1955-04-23",14,1
318038,"2013-01-03","2013-02-08","L",39.9,7.58,4,"1966-03-24",8,1
9091,"2012-04-08","2012-04-13","xxl",21.9,4.16,4,"1950-03-17",3,1
436887,"2013-03-09","2013-03-12","xxxl",29.95,5.69,4,"1970-05-04",10,0
473565,"2013-03-27","2013-05-03","xl",79.9,15.18,4,"?",8,1
363748,"2013-01-25","2013-02-06","L",34.9,6.63,4,"1967-11-19",2,0
163565,"2012-08-10","2012-08-13","xxl",59.9,11.38,4,"1968-02-27",7,1
10879,"2012-04-08","2012-04-14","l",59.9,11.38,4,"1952-09-24",10,0
82402,"2012-06-05","2012-06-07","m",19.9,3.78,4,"1960-01-27",4,0
411662,"2013-02-28","2013-03-05","XL",69.9,13.28,4,"1988-11-07",2,0
438000,"2013-03-09","2013-03-13","M",29.9,5.68,4,"?",4,0
271504,"2012-11-02","2012-12-05","L",69.9,13.28,4,"1964-04-02",10,0
70408,"2012-05-27","2012-05-29","s",59.9,11.38,4,"1947-02-27",10,1
16010,"2012-04-11","2012-04-16","l",79.9,15.18,4,"1966-11-11",2,1
202436,"2012-09-12","2012-09-17","xxl",59.9,11.38,4,"1991-01-21",15,0
27080,"2012-04-21","2012-04-25","l",54.9,10.43,4,"1959-12-04",2,0
385867,"2013-02-11","2013-02-13","XL",59.9,11.38,4,"1969-04-08",4,1
74404,"2012-05-30","2012-06-01","xl",9.9,1.88,4,"1949-05-10",1,0
196588,"2012-09-07","2012-09-10","l",39.9,7.58,4,"1953-10-24",10,0
315637,"2013-01-01","2013-01-03","M",59.9,11.38,4,"1968-09-16",10,0
345897,"2013-01-16","2013-01-18","L",119.9,22.78,4,"1965-10-17",10,0
234358,"2012-09-30","2012-10-04","xl",59.9,11.38,4,"1961-01-17",8,1
346231,"2013-01-16","2013-01-18","L",119.9,22.78,4,"1952-01-24",2,1
370781,"2013-01-29","2013-05-03","XL",59.9,11.38,4,"?",6,0
157547,"2012-08-07","2012-08-30","m",29.9,5.68,4,"1969-04-02",2,0
426126,"2013-03-05","2013-05-10","M",59.9,11.38,4,"?",10,0
98945,"2012-06-22","2012-06-26","xxl",79.9,15.18,4,"1960-08-23",2,0
394482,"2013-02-18","2013-02-21","XL",39.9,7.58,4,"1955-01-06",10,1
451365,"2013-03-16","2013-03-18","XXL",79.9,15.18,4,"1956-06-15",10,1
2907,"2012-04-03","2012-04-06","m",69.9,13.28,4,"1965-07-30",7,0
39920,"2012-05-01","2012-05-03","m",39.9,7.58,4,"1967-01-31",10,1
131998,"2012-07-11","2012-07-19","m",16.9,3.21,4,"1946-08-07",5,0
13615,"2012-04-10","2012-04-19","m",99.9,18.98,4,"1965-06-28",3,0
29592,"2012-04-23","?","xl",29.9,5.68,4,"1970-02-25",1,0
298136,"2012-12-10","2012-12-11","M",69.9,13.28,4,"1968-04-03",7,1
380782,"2013-02-07","2013-02-15","XL",49.9,9.48,4,"1974-06-19",10,1
415486,"2013-03-02","2013-04-04","XL",79.9,15.18,4,"1975-07-03",6,1
306607,"2012-12-20","2012-12-21","S",89.9,17.08,4,"1950-08-26",10,0
342674,"2013-01-14","2013-01-16","XXL",69.9,13.28,4,"1967-10-23",2,1
140318,"2012-07-22","2012-07-24","l",119.9,22.78,4,"1967-06-11",8,1
108195,"2012-06-27","2012-06-28","l",34.9,6.63,4,"1949-11-29",1,0
350128,"2013-01-17","2013-05-08","XL",69.9,13.28,4,"1941-04-10",10,1
22575,"2012-04-17","2012-04-19","m",49.9,9.48,4,"1952-12-13",10,0
30070,"2012-04-23","2012-04-27","xl",39.9,7.58,4,"1968-04-27",8,0
420148,"2013-03-03","2013-03-05","XL",29.9,5.68,4,"1974-03-01",2,1
130056,"2012-07-05","2012-07-16","l",69.9,13.28,4,"1968-01-22",10,0
394270,"2013-02-18","2013-02-20","XL",79.9,15.18,4,"1974-02-18",2,0
87758,"2012-06-11","2012-06-14","l",21.9,4.16,4,"1963-04-05",2,0
228318,"2012-09-25","2012-09-27","l",99.9,18.98,4,"1980-07-04",2,1
188994,"2012-09-01","2012-09-04","m",99.9,18.98,4,"1964-10-09",7,0
233216,"2012-09-30","1990-12-31","xxl",49.9,9.48,4,"1945-05-07",15,1
222402,"2012-09-21","2012-09-25","s",39.9,7.58,4,"?",8,1
382642,"2013-02-08","2013-02-11","L",69.9,13.28,4,"1957-12-05",2,0
338471,"2013-01-13","2013-02-20","M",89.9,17.08,4,"1969-07-30",10,1
262608,"2012-10-23","2012-10-30","m",79.9,15.18,4,"1984-06-10",2,1
410281,"2013-02-28","2013-03-01","L",16.9,3.21,4,"1957-01-15",10,0
220696,"2012-09-20","2012-10-27","m",39.9,7.58,4,"1966-06-07",2,0
310484,"2012-12-26","2013-01-01","XL",149,28.31,4,"1969-03-29",8,0
345185,"2013-01-15","2013-01-18","L",79.9,15.18,4,"1968-09-11",1,1
258437,"2012-10-20","2012-10-23","s",79.9,15.18,4,"?",2,0
257242,"2012-10-20","2012-10-22","xxl",49.9,9.48,4,"1962-11-11",1,0
190917,"2012-09-03","2012-09-04","l",69.9,13.28,4,"1949-11-19",2,1
417004,"2013-03-02","2013-03-11","XXL",69.9,13.28,4,"1968-08-13",11,0
191720,"2012-09-03","2012-09-05","m",119.9,22.78,4,"1966-05-21",10,0
425177,"2013-03-04","2013-06-03","L",59.9,11.38,4,"1967-05-19",1,1
422116,"2013-03-03","2013-03-06","XXL",69.9,13.28,4,"1968-05-11",10,1
420108,"2013-03-04","2013-05-01","M",26.9,5.11,4,"1957-04-17",1,0
118974,"2012-06-30","2012-07-04","m",17.4,3.31,4,"1960-12-28",10,1
215914,"2012-09-17","?","s",39.9,7.58,4,"1953-02-17",2,0
78785,"2012-06-02","2012-06-06","xxxl",19.9,3.78,4,"1984-03-15",6,0
323172,"2013-01-08","2013-01-14","XL",34.9,6.63,4,"1967-09-26",7,0
283394,"2012-11-18","2012-12-10","XL",49.9,9.48,4,"?",14,0
239720,"2012-10-06","2012-10-09","xxl",49.9,9.48,4,"1956-04-23",8,0
436526,"2013-03-09","2013-03-12","S",16.9,3.21,4,"1972-06-06",7,1
319998,"2013-01-05","2013-02-04","L",49.9,9.48,4,"1968-05-09",15,1
346146,"2013-01-16","2013-01-17","m",26.9,5.11,4,"1959-12-12",10,0
325108,"2013-01-09","2013-01-14","M",89.9,17.08,4,"1963-01-21",8,1
236114,"2012-10-02","2012-10-04","xl",59.9,11.38,4,"1956-02-06",7,1
387621,"2013-02-13","?","XL",119.9,22.78,4,"1967-11-06",8,0
10000,"2012-04-08","2012-04-14","m",69.9,13.28,4,"1971-10-26",7,1
74288,"2012-05-30","2012-06-01","m",29.9,5.68,4,"1960-03-09",10,1
464526,"2013-03-22","2013-03-26","XXL",29.9,5.68,4,"1944-06-24",8,1
459947,"2013-03-20","2013-06-10","L",89.9,17.08,4,"1962-08-28",15,1
166489,"2012-08-12","2012-08-15","xxl",69.9,13.28,4,"1955-03-27",10,1
227802,"2012-09-24","2012-09-27","xxl",49.9,9.48,4,"1980-07-13",2,1
37632,"2012-04-30","2012-05-02","xl",79.9,15.18,4,"1967-10-01",1,1
291299,"2012-11-30","2012-12-03","XL",119.9,22.78,4,"1959-06-13",1,1
183716,"2012-08-27","?","l",69.9,13.28,4,"1961-08-12",1,0
193632,"2012-09-05","2012-09-06","xxl",24.9,4.73,4,"1956-11-19",8,0
69213,"2012-05-26","2012-05-29","xl",29.9,5.68,4,"1957-02-19",10,0
292157,"2012-12-01","2012-12-05","M",9.9,1.88,4,"1900-11-19",7,1
17586,"2012-04-13","2012-05-18","m",54.9,10.43,4,"1961-12-09",13,0
117397,"2012-06-29","?","xxl",44.9,8.53,4,"1965-04-29",8,0
62283,"2012-05-21","2012-05-21","xl",79.9,15.18,4,"1952-10-28",3,1
457772,"2013-03-19","?","M",89.9,17.08,4,"1966-03-22",2,0
283109,"2012-11-18","2012-12-06","M",59.9,11.38,4,"1963-12-13",7,0
125245,"2012-07-02","2012-07-04","xxl",44.9,8.53,4,"1962-06-29",4,0
204076,"2012-09-14","2012-10-15","l",26.9,5.11,4,"1975-05-07",10,0
198944,"2012-09-10","2012-09-11","m",39.9,7.58,4,"1952-01-06",2,1
164508,"2012-08-11","2012-08-14","l",39.9,7.58,4,"1972-11-23",2,1
24460,"2012-04-19","2012-04-24","l",21.9,4.16,4,"1972-09-15",9,0
326928,"2013-01-09","2013-01-14","XXL",89.9,17.08,4,"1967-01-23",4,1
478722,"2013-03-30","2013-07-11","L",29.9,5.68,4,"1967-09-17",8,0
1632,"2012-04-02","2012-04-06","xl",19.9,3.78,4,"1942-11-27",13,0
423732,"2013-03-04","2013-03-05","L",19.9,3.78,2,"1962-09-28",2,0
41050,"2012-05-02","2012-05-03","l",54.9,10.43,4,"1970-09-26",10,0
358983,"2013-01-22","2013-01-24","XXL",74.9,14.23,4,"1980-02-04",1,1
338249,"2013-01-13","2013-02-27","XXL",129.9,24.68,4,"1964-11-08",11,0
287324,"2012-11-24","2012-11-26","XL",39.9,7.58,4,"1976-07-10",13,1
236671,"2012-10-03","2012-10-04","xl",69.9,13.28,4,"1969-05-20",3,1
330939,"2013-01-11","2013-01-25","xxl",49.9,9.48,4,"1957-01-10",10,0
397452,"2013-02-21","?","L",14.9,2.83,4,"1949-03-09",2,0
62605,"2012-05-21","2012-05-24","xl",29.9,5.68,4,"?",1,1
290605,"2012-11-28","2012-11-29","S",99.9,18.98,4,"1962-07-21",1,0
282134,"2012-11-17","2012-11-19","M",79.9,15.18,4,"1967-02-09",10,0
437256,"2013-03-09","2013-04-09","L",29.9,5.68,4,"1969-12-05",11,1
179924,"2012-08-24","2012-08-28","xl",39.9,7.58,4,"?",10,1
49891,"2012-05-11","2012-05-15","m",39.9,7.58,4,"1970-11-27",8,0
114168,"2012-06-29","2012-07-03","xl",69.9,13.28,4,"1969-10-14",2,1
137330,"2012-07-16","?","m",21.9,4.16,4,"1964-04-27",10,0
316751,"2013-01-02","2013-01-14","S",89.9,17.08,4,"1980-02-09",2,1
337997,"2013-01-13","2013-02-27","XXL",29.9,5.68,2,"1969-09-12",4,1
273916,"2012-11-05","2012-11-08","XXL",79.9,15.18,3,"1958-09-25",2,0
367788,"2013-01-27","2013-01-29","L",39.9,7.58,4,"1965-05-25",10,1
395320,"2013-02-19","2013-02-21","XL",26.9,5.11,4,"1976-01-03",10,0
89542,"2012-06-13","2012-06-26","m",49.9,9.48,4,"1965-04-14",1,0
36439,"2012-04-30","2012-05-01","m",59.9,11.38,4,"?",14,1
445977,"2013-03-13","2013-03-15","XXL",29.9,5.68,4,"1971-05-15",4,1
369572,"2013-01-28","2013-01-30","L",64.9,12.33,4,"1978-07-18",7,0
16155,"2012-04-11","2012-04-14","l",69.9,13.28,4,"1956-02-09",10,1
106906,"2012-06-27","2012-06-28","l",34.9,6.63,4,"1974-07-30",7,1
365429,"2013-01-25","2013-02-04","L",44.9,8.53,4,"1968-10-04",13,1
416632,"2013-03-02","2013-03-05","L",29.9,5.68,4,"1980-08-21",1,1
362352,"2013-01-24","2013-04-04","XL",79.9,15.18,4,"1967-05-22",3,1
71335,"2012-05-28","2012-05-30","l",16.9,3.21,4,"1965-05-31",2,0
305951,"2012-12-20","2012-12-21","XXL",209,39.71,4,"1971-01-30",2,1
167152,"2012-08-13","2012-08-14","xl",21.9,4.16,4,"1945-02-23",6,1
79661,"2012-06-04","2012-06-05","l",29.9,5.68,4,"1944-03-31",2,0
447674,"2013-03-14","2013-05-01","L",26.9,5.11,4,"1949-12-27",10,0
296377,"2012-12-07","2012-12-10","XL",26.9,5.11,4,"1973-02-28",16,1
347341,"2013-01-16","2013-01-17","S",39.9,7.58,4,"1968-01-30",2,1
446117,"2013-03-13","2013-03-20","m",89.9,17.08,4,"?",1,1
459864,"2013-03-20","2013-03-22","S",29.9,5.68,4,"1966-12-16",8,1
91317,"2012-06-15","2012-06-18","l",59.9,11.38,4,"1959-07-01",16,1
366611,"2013-01-27","2013-01-31","L",39.9,7.58,4,"?",1,0
470577,"2013-03-26","?","M",59.9,11.38,4,"1979-09-04",4,0
384298,"2013-02-10","2013-02-13","L",49.9,9.48,4,"?",11,0
205557,"2012-09-14","2012-09-17","xl",39.9,7.58,4,"1948-08-15",10,1
389584,"2013-02-14","2013-02-18","S",49.9,9.48,4,"?",2,1
70523,"2012-05-27","2012-05-29","xl",59.9,11.38,4,"1966-07-03",10,0
439620,"2013-03-10","2013-03-18","XL",59.9,11.38,4,"1963-02-05",7,1
216329,"2012-09-17","2012-09-20","l",69.9,13.28,4,"?",8,0
139229,"2012-07-21","2012-07-27","xl",69.9,13.28,4,"1968-06-16",13,1
112821,"2012-06-28","?","l",29.9,5.68,4,"?",10,0
157078,"2012-08-07","2012-08-13","xxl",69.9,13.28,4,"1962-06-26",2,1
39515,"2012-05-01","1990-12-31","xxl",59.9,11.38,4,"1968-10-03",15,0
418111,"2013-03-02","2013-05-03","S",119.9,22.78,4,"1965-11-14",2,1
249000,"2012-10-14","2012-10-17","l",79.9,15.18,3,"1978-01-09",3,0
325083,"2013-01-09","?","l",19.9,3.78,4,"1971-01-19",5,0
201470,"2012-09-12","2012-09-13","l",13.9,2.64,4,"1960-04-29",4,0
405077,"2013-02-25","2013-02-27","L",79.9,15.18,4,"1958-12-13",9,1
27233,"2012-04-21","2012-04-26","xl",69.9,13.28,4,"1937-10-19",7,0
241315,"2012-10-07","2012-10-12","m",26.9,5.11,4,"1973-03-08",11,1
385070,"2013-02-10","2013-04-25","L",89.9,17.08,4,"?",1,0
24507,"2012-04-19","2012-04-24","l",79.9,15.18,4,"1957-08-28",10,0
263762,"2012-10-24","?","s",59.9,11.38,4,"1972-10-17",11,0
362982,"2013-01-24","2013-01-25","L",69.9,13.28,4,"1954-06-26",11,1
147338,"2012-08-01","2012-08-02","xl",29.9,5.68,4,"?",15,0
458373,"2013-03-19","1990-12-31","XL",79.9,15.18,4,"1952-04-06",6,1
303644,"2012-12-16","2012-12-18","L",29.9,5.68,4,"1968-12-27",3,0
380358,"2013-02-06","2013-02-08","M",49.9,9.48,4,"1972-08-03",15,1
361203,"2013-01-23","2013-01-24","M",49.9,9.48,4,"?",13,1
352078,"2013-01-18","?","L",29.9,5.68,4,"1979-05-07",11,0
433055,"2013-03-07","2013-03-11","m",29.9,5.68,4,"1956-06-02",10,0
138435,"2012-07-19","2012-07-23","xl",129.9,24.68,4,"1967-04-21",11,1
165797,"2012-08-12","2012-08-15","l",39.9,7.58,4,"1962-07-18",8,1
49184,"2012-05-11","2012-05-14","s",99.9,18.98,4,"1960-04-18",2,1
135079,"2012-07-12","2012-07-20","xl",12.9,2.45,4,"1967-06-27",6,1
262335,"2012-10-23","2012-11-23","m",129.9,24.68,4,"1959-08-11",1,0
455150,"2013-03-17","2013-05-10","S",49.9,9.48,4,"1974-09-23",7,0
100913,"2012-06-24","2012-06-27","m",69.9,13.28,4,"1968-11-10",10,0
379103,"2013-02-05","2013-02-08","L",49.9,9.48,4,"1955-10-25",1,0
297239,"2012-12-09","2012-12-11","S",209,39.71,4,"1970-07-01",4,1
335926,"2013-01-12","2013-02-27","M",79.9,15.18,4,"1977-12-30",8,0
467114,"2013-03-24","2013-05-01","M",39.9,7.58,4,"1982-11-09",2,0
291655,"2012-11-30","2012-12-03","XXXL",23.9,4.54,4,"1967-08-04",10,0
159671,"2012-08-08","2012-08-09","m",79.9,15.18,4,"1952-04-16",10,0
317029,"2013-01-02","2013-01-21","S",39.9,7.58,4,"1961-12-31",3,1
6577,"2012-04-06","2012-04-09","xl",24.9,4.73,4,"1955-08-26",8,0
204852,"2012-09-14","2012-09-26","l",59.9,11.38,4,"1946-01-30",10,0
393764,"2013-02-18","2013-03-08","L",119.9,22.78,4,"1960-06-16",1,1
452397,"2013-03-16","2013-03-19","XL",29.9,5.68,4,"1970-02-15",13,1
158270,"2012-08-07","2012-08-09","xl",26.9,5.11,4,"1954-05-20",1,0
190833,"2012-09-03","2012-09-05","xxl",39.9,7.58,4,"1971-09-07",8,1
164835,"2012-08-11","2012-08-14","xl",39.9,7.58,4,"1963-02-03",15,0
185981,"2012-08-29","2012-09-10","xxl",199.9,37.98,4,"1961-06-10",1,0
63435,"2012-05-22","2012-06-22","xl",119.9,22.78,4,"1966-11-03",8,1
166983,"2012-08-13","2012-09-17","xxl",199.9,37.98,4,"1969-10-29",1,1
81328,"2012-06-05","2012-06-07","xxl",16.9,3.21,4,"1960-12-22",7,0
340627,"2013-01-14","2013-01-16","m",59.9,11.38,4,"1967-07-28",10,1
360832,"2013-01-23","2013-02-06","M",74.9,14.23,4,"1961-08-22",10,0
75488,"2012-05-31","2012-06-04","xl",79.9,15.18,4,"1968-03-23",10,0
34854,"2012-04-27","2012-05-17","xl",89.9,17.08,4,"1966-03-14",8,1
87959,"2012-06-11","2012-06-14","s",149.95,28.49,4,"1971-03-21",10,0
298621,"2012-12-10","2012-12-14","XL",49.9,9.48,4,"1960-03-13",11,0
417951,"2013-03-02","2013-03-12","M",29.9,5.68,4,"?",7,0
207780,"2012-09-15","2012-11-27","m",129.9,24.68,4,"1962-03-22",10,1
6757,"2012-04-06","2012-04-09","m",24.9,4.73,4,"1958-05-09",15,0
236861,"2012-10-03","2012-10-05","m",69.9,13.28,4,"?",10,1
377065,"2013-02-04","2013-04-15","XXL",79.9,15.18,4,"1960-12-10",1,0
35724,"2012-04-28","2012-05-03","xl",69.9,13.28,4,"1965-07-06",8,0
245386,"2012-10-11","2012-10-15","l",39.9,7.58,4,"1960-04-07",15,1
182219,"2012-08-26","2012-08-28","xl",15.9,3.02,4,"1960-11-18",10,0
448820,"2013-03-14","2013-03-19","L",29.9,5.68,4,"1955-04-05",15,1
83897,"2012-06-07","2012-06-12","xl",29.9,5.68,4,"1973-05-11",7,1
427661,"2013-03-05","2013-03-06","m",24.9,4.73,4,"1960-07-03",3,0
451174,"2013-03-15","2013-04-12","L",24.9,4.73,4,"?",1,0
124266,"2012-07-02","2012-07-03","m",29.9,5.68,4,"1961-06-21",2,1
262315,"2012-10-23","2012-11-09","m",39.9,7.58,4,"1950-07-26",8,0
219309,"2012-09-19","2012-10-08","xxl",16.9,3.21,4,"1964-11-13",10,0
445616,"2013-03-13","2013-04-11","L",89.9,17.08,4,"1962-01-30",1,0
3538,"2012-04-04","2012-04-06","s",69.9,13.28,4,"1969-01-09",1,1
192773,"2012-09-04","2012-10-03","l",119.9,22.78,4,"1968-10-30",10,0
188034,"2012-08-31","?","l",29.9,5.68,4,"1968-09-18",14,0
217742,"2012-09-18","2012-11-26","m",29.9,5.68,4,"1978-06-08",13,1
375125,"2013-02-02","2013-02-05","L",29.9,5.68,4,"1961-08-03",6,1
249805,"2012-10-15","2012-10-27","m",39.9,7.58,4,"1960-06-15",2,0
157990,"2012-08-07","2012-08-14","xl",79.9,15.18,4,"1949-04-01",10,0
456848,"2013-03-18","2013-04-04","L",55.9,10.62,4,"1975-02-26",11,0
65688,"2012-05-23","2012-05-24","xl",12.9,2.45,4,"1957-05-14",10,0
206621,"2012-09-14","2012-09-17","l",119.9,22.78,4,"1957-08-24",9,1
338384,"2013-01-13","2013-01-15","S",26.9,5.11,4,"1963-08-26",1,1
366635,"2013-01-27","2013-04-01","XXL",29.95,5.69,3,"1960-02-29",1,0
174724,"2012-08-20","2012-08-23","xl",299.95,56.99,4,"1972-01-20",8,1
337140,"2013-01-12","2013-01-21","L",99.9,18.98,3,"1954-11-19",1,1
387185,"2013-02-12","2013-02-18","L",79.9,15.18,4,"1963-02-21",7,0
283481,"2012-11-18","?","L",26.9,5.11,4,"1961-11-20",3,0
72553,"2012-05-29","2012-06-01","xxl",9.9,1.88,4,"1961-11-08",7,0
140799,"2012-07-22","2012-07-25","m",59.9,11.38,4,"1959-12-28",3,1
5823,"2012-04-06","2012-04-10","s",49.9,9.48,4,"1968-05-26",2,1
319498,"2013-01-05","2013-01-14","L",99.9,18.98,4,"1965-07-05",8,0
152464,"2012-08-04","2012-08-07","m",19.9,3.78,4,"1974-08-25",9,1
183501,"2012-08-27","2012-08-28","m",59.9,11.38,4,"1960-06-08",15,0
168318,"2012-08-13","2012-08-15","l",69.9,13.28,4,"1925-02-21",1,0
317569,"2013-01-03","?","M",99.9,18.98,4,"1954-10-09",10,0
181629,"2012-08-26","2012-08-28","l",29.9,5.68,4,"1961-09-19",10,1
86661,"2012-06-12","2012-06-19","xxl",24.9,4.73,4,"1970-07-30",1,0
319828,"2013-01-05","2013-02-27","XXL",49.9,9.48,4,"1972-06-01",2,1
217915,"2012-09-18","2012-09-20","l",69.9,13.28,4,"?",2,1
254210,"2012-10-18","2012-11-26","m",59.9,11.38,4,"1968-10-31",8,1
429011,"2013-03-05","2013-03-12","L",29.9,5.68,4,"1966-07-04",8,1
441871,"2013-03-11","2013-03-25","M",59.9,11.38,4,"1957-05-24",8,0
43734,"2012-05-05","2012-05-08","l",69.9,13.28,4,"1970-08-08",1,1
53461,"2012-05-14","2012-05-16","m",44.9,8.53,4,"1969-03-29",1,1
389589,"2013-02-14","2013-05-20","XL",79.9,15.18,4,"1979-08-06",10,0
188052,"2012-08-31","2012-09-04","xl",69.9,13.28,4,"1953-12-16",8,0
360814,"2013-01-23","2013-01-25","s",26.9,5.11,4,"1960-06-03",6,0
278173,"2012-11-11","2012-11-13","S",149.9,28.48,4,"1969-09-04",2,1
418652,"2013-03-03","?","XXL",79.9,15.18,4,"1952-12-09",6,0
443289,"2013-03-12","2013-04-18","XXL",26.9,5.11,4,"1968-04-09",5,1
15165,"2012-04-08","2012-04-13","l",21.9,4.16,4,"1973-05-18",10,0
238154,"2012-10-04","?","xl",39.9,7.58,4,"1962-10-08",11,0
309556,"2012-12-25","?","XXL",24.9,4.73,4,"1966-12-18",2,0
438429,"2013-03-10","2013-04-18","M",24.9,4.73,4,"1969-09-02",15,0
122232,"2012-07-01","2012-07-03","m",19.9,3.78,4,"1970-05-27",16,1
27387,"2012-04-21","2012-04-26","l",79.9,15.18,4,"1958-11-16",2,0
192485,"2012-09-04","2012-09-06","xxl",32.95,6.26,3,"1934-11-15",1,0
202722,"2012-09-13","2012-10-29","l",29.9,5.68,4,"1965-04-08",10,1
449947,"2013-03-15","2013-04-11","XXL",21.9,4.16,4,"1965-07-02",10,1
201188,"2012-09-12","2012-09-13","s",59.9,11.38,4,"1971-04-10",9,1
356801,"2013-01-20","2013-01-22","XL",34.9,6.63,4,"1968-07-22",5,0
424162,"2013-03-04","2013-03-06","XXL",29.9,5.68,4,"1974-07-22",10,0
32085,"2012-04-24","2012-04-27","m",79.9,15.18,4,"1966-07-07",7,1
371953,"2013-01-30","2013-02-04","M",21.9,4.16,4,"1958-01-02",2,1
352781,"2013-01-18","2013-01-22","XL",29.9,5.68,4,"1968-05-23",1,1
169274,"2012-08-14","2012-08-15","l",34.9,6.63,4,"1979-05-12",9,1
407995,"2013-02-27","2013-04-04","L",59.9,11.38,4,"1971-01-12",10,1
20747,"2012-04-16","2012-04-26","xl",79.9,15.18,4,"1965-12-18",10,1
79860,"2012-06-03","?","m",19.9,3.78,4,"1964-10-07",7,0
480710,"2013-03-31","?","XXL",119.9,22.78,4,"1965-09-04",4,0
219757,"2012-09-19","2012-09-21","xxl",24.9,4.73,4,"1976-03-14",8,0
246374,"2012-10-11","2012-10-30","l",59.9,11.38,4,"1957-02-10",1,0
314898,"2012-12-31","2013-01-01","M",39.9,7.58,4,"1954-10-13",1,0
161656,"2012-08-09","2012-08-10","xl",39.9,7.58,4,"1967-10-05",15,0
478111,"2013-03-30","2013-05-02","L",129.9,24.68,4,"1967-12-19",1,1
426577,"2013-03-05","2013-03-07","L",79.9,15.18,4,"1965-03-16",10,1
328915,"2013-01-10","2013-01-14","XXL",89.9,17.08,5,"1948-07-09",10,0
44443,"2012-05-06","2012-05-09","m",89.9,17.08,4,"?",10,1
70920,"2012-05-27","2012-05-30","xl",49.9,9.48,4,"1985-05-14",11,1
128522,"2012-07-05","?","xl",29.9,5.68,4,"1962-11-28",10,0
43507,"2012-05-05","2012-05-07","xxl",89.9,17.08,4,"1956-03-14",1,0
343897,"2013-01-15","2013-04-15","S",49.9,9.48,4,"1970-07-24",11,0
263255,"2012-10-24","2012-12-03","xl",99.9,18.98,4,"1951-06-07",10,1
418983,"2013-03-03","2013-03-08","XL",99.9,18.98,4,"1963-07-24",3,1
294111,"2012-12-04","2012-12-05","XXL",24.9,4.73,4,"1974-06-16",10,1
332323,"2013-01-11","2013-01-14","XXL",59.9,11.38,4,"?",10,1
339308,"2013-01-13","2013-01-14","L",59.9,11.38,4,"1954-12-22",10,1
70405,"2012-05-27","2012-05-29","m",59.9,11.38,4,"1980-05-30",9,1
285571,"2012-11-21","2012-11-22","S",79.9,15.18,4,"1968-04-19",2,1
456606,"2013-03-18","2013-03-21","S",39.9,7.58,4,"1982-08-03",8,0
190084,"2012-09-02","2012-09-04","xxl",24.9,4.73,4,"1966-01-12",5,0
233555,"2012-10-01","2012-12-17","xxl",69.9,13.28,4,"1965-09-07",7,0
239767,"2012-10-06","2012-10-09","s",69.9,13.28,4,"1972-05-02",15,1
3928,"2012-04-04","2012-04-06","xxl",29.9,5.68,4,"1962-12-19",1,0
12137,"2012-04-09","2012-04-13","s",29.9,5.68,4,"1964-01-19",1,1
277510,"2012-11-09","2012-11-12","XL",39.9,7.58,4,"1956-07-13",1,1
223296,"2012-09-21","2012-09-24","m",69.9,13.28,4,"1962-04-20",13,1
349796,"2013-01-17","2013-01-18","L",59.9,11.38,4,"1954-03-01",7,0
48293,"2012-05-10","2012-05-11","m",89.9,17.08,4,"1963-02-16",2,0
373440,"2013-02-01","2013-02-05","XL",199.95,37.99,4,"?",8,1
322499,"2013-01-08","2013-01-10","m",179,34.01,4,"1965-10-31",2,0
173353,"2012-08-18","2012-08-22","l",15.95,3.03,4,"1969-09-16",2,0
288754,"2012-11-26","2012-11-27","xl",79.9,15.18,4,"1969-07-16",15,1
340484,"2013-01-13","2013-02-04","XL",19.9,3.78,4,"1966-05-01",2,1
56018,"2012-05-16","2012-05-17","m",14.9,2.83,4,"1960-03-07",2,0
346735,"2013-01-16","2013-01-18","XXL",49.9,9.48,4,"1974-04-28",2,1
20407,"2012-04-15","2012-05-02","l",69.9,13.28,4,"1964-01-25",3,0
413044,"2013-03-01","2013-03-05","xl",29.9,5.68,3,"1951-03-21",1,0
50923,"2012-05-12","2012-05-24","m",59.9,11.38,4,"1963-12-09",13,1
306384,"2012-12-20","2012-12-21","M",59.9,11.38,4,"?",3,1
364768,"2013-01-25","?","L",169.95,32.29,4,"1982-07-27",8,0
480297,"2013-03-31","2013-05-22","XXL",49.9,9.48,4,"1964-12-05",2,0
203223,"2012-09-13","2012-09-14","m",179.9,34.18,4,"1966-12-24",16,0
421102,"2013-03-03","2013-04-04","XXL",26.9,5.11,4,"1960-12-15",1,1
117419,"2012-06-29","2012-07-04","m",79.9,15.18,4,"1957-08-02",2,1
361852,"2013-01-23","2013-01-28","XXL",29.9,5.68,4,"1969-07-16",8,1
133088,"2012-07-11","2012-07-16","l",79.9,15.18,4,"1957-03-12",11,0
108217,"2012-06-27","2012-06-28","xl",12.4,2.36,4,"1975-11-07",8,1
333715,"2013-01-11","2013-02-28","M",49.9,9.48,4,"1973-02-05",13,1
465458,"2013-03-23","2013-03-25","XL",19.9,3.78,4,"1964-12-01",1,0
114504,"2012-06-29","2012-07-20","m",24.9,4.73,4,"1966-03-13",8,0
423737,"2013-03-04","2013-03-05","L",24.9,4.73,2,"1962-09-28",2,0
282289,"2012-11-17","2012-11-27","M",29.9,5.68,4,"1969-08-06",2,1
53032,"2012-05-14","2012-05-16","m",19.9,3.78,4,"1966-12-16",10,0
179672,"2012-08-24","2012-08-28","xl",26.9,5.11,4,"1980-11-03",7,0
432940,"2013-03-07","2013-04-11","XL",34.9,6.63,4,"1987-05-18",15,0
422863,"2013-03-03","2013-04-16","L",89.9,17.08,4,"1967-01-08",15,1
448758,"2013-03-14","2013-03-18","XL",39.9,7.58,4,"1969-03-26",1,0
159029,"2012-08-07","2012-08-09","l",79.9,15.18,4,"1971-05-10",2,1
183663,"2012-08-27","2012-08-28","xl",39.9,7.58,4,"1963-08-22",8,0
270038,"2012-10-31","2012-11-01","xl",79.9,15.18,4,"1974-06-09",3,1
172068,"2012-08-17","2012-08-29","xxl",19.9,3.78,4,"1959-12-26",8,0
403265,"2013-02-24","2013-02-27","L",24.9,4.73,4,"?",8,0
54418,"2012-05-15","2012-05-17","l",14.9,2.83,4,"1963-08-20",1,1
21426,"2012-04-16","2012-05-30","m",69.9,13.28,4,"1960-08-17",14,0
386250,"2013-02-11","2013-02-14","L",34.9,6.63,3,"?",10,0
436051,"2013-03-09","2013-03-11","XXL",39.9,7.58,4,"1956-03-14",1,1
272369,"2012-11-03","2012-11-05","L",24.9,4.73,4,"1967-01-09",13,1
182371,"2012-08-26","2012-08-28","m",26.9,5.11,4,"1969-04-12",9,0
466365,"2013-03-23","2013-06-03","M",59.9,11.38,4,"1963-07-04",1,0
84819,"2012-06-08","2012-06-12","s",39.9,7.58,4,"1963-03-28",2,1
133861,"2012-07-13","?","xxl",79.9,15.18,4,"1959-01-01",2,0
305168,"2012-12-18","2012-12-19","M",39.9,7.58,4,"1965-06-04",10,1
15983,"2012-04-11","2012-04-14","xl",39.9,7.58,4,"1954-08-08",10,0
334672,"2013-01-12","2013-01-14","XL",11.9,2.26,4,"?",3,0
109845,"2012-06-27","2012-06-29","m",29.9,5.68,4,"1960-02-29",10,1
450095,"2013-03-15","2013-03-18","XL",16.9,3.21,4,"1900-11-19",10,1
464666,"2013-03-22","2013-04-03","XXL",34.9,6.63,4,"1974-05-10",10,1
111557,"2012-06-28","2012-07-02","m",59.9,11.38,4,"1968-08-07",10,1
358126,"2013-01-21","2013-01-23","m",89.9,17.08,4,"1959-05-01",11,1
4213,"2012-04-05","2012-06-04","xxl",79.9,15.18,4,"1952-09-26",7,0
10847,"2012-04-08","2012-04-14","l",39.9,7.58,4,"1968-01-24",2,1
80309,"2012-06-04","2012-06-05","xl",29.9,5.68,4,"1960-12-04",2,0
173281,"2012-08-18","2012-08-21","l",119.9,22.78,4,"1959-10-13",10,0
399013,"2013-02-22","2013-02-26","XL",99.9,18.98,4,"1977-08-03",13,0
453746,"2013-03-17","2013-03-20","L",69.9,13.28,4,"?",8,1
44412,"2012-05-06","2012-05-11","m",54.9,10.43,4,"1965-04-11",11,1
15947,"2012-04-11","2012-04-13","l",49.9,9.48,4,"1954-02-13",16,1
17383,"2012-04-13","2012-04-17","l",69.9,13.28,3,"1963-09-24",10,0
12483,"2012-04-09","2012-04-13","xl",79.9,15.18,4,"1967-10-20",10,0
565,"2012-04-01","2012-04-13","xxl",49.9,9.48,4,"1954-03-07",10,1
124066,"2012-07-01","2012-08-02","l",39.9,7.58,4,"1965-06-08",2,1
208761,"2012-09-15","2012-10-25","xl",31.95,6.07,3,"1970-06-16",2,0
446026,"2013-03-13","2013-04-04","XL",59.9,11.38,4,"1959-11-12",15,1
465862,"2013-03-23","2013-03-26","XXL",29.9,5.68,4,"1959-07-21",10,1
123869,"2012-07-01","2012-07-04","m",69.9,13.28,4,"?",13,1
269975,"2012-10-31","2012-12-12","l",49.9,9.48,4,"1954-02-26",1,1
433751,"2013-03-07","2013-03-12","L",119.9,22.78,4,"1970-08-13",13,0
292061,"2012-12-01","2013-01-02","xxl",26.9,5.11,4,"1959-08-06",15,0
384528,"2013-02-10","2013-02-13","S",89.9,17.08,4,"1956-11-24",7,0
124962,"2012-07-02","2012-07-04","l",14.9,2.83,4,"?",11,0
374167,"2013-02-02","2013-02-05","S",21.9,4.16,4,"1963-08-18",2,1
7368,"2012-04-07","2012-04-13","xl",21.9,4.16,4,"?",2,0
158615,"2012-08-08","2012-08-10","l",59.9,11.38,4,"1967-05-05",11,0
363357,"2013-01-25","2013-01-28","XXL",16.9,3.21,4,"1969-02-17",11,0
271991,"2012-11-02","2012-11-05","L",179.9,34.18,4,"1948-11-12",11,1
176427,"2012-08-21","2012-08-24","xl",39.9,7.58,4,"1967-04-02",10,1
440627,"2013-03-10","2013-03-13","M",29.9,5.68,4,"1967-08-25",7,1
244222,"2012-10-10","2012-11-29","m",46.16,8.77,4,"1979-02-05",1,0
350909,"2013-01-18","?","XL",69.9,13.28,4,"1961-11-07",8,0
149234,"2012-08-03","2012-08-07","xxl",49.9,9.48,4,"1970-10-19",10,0
278794,"2012-11-12","2012-11-14","XXL",29.9,5.68,4,"1967-10-10",2,0
101858,"2012-06-23","2012-06-27","l",69.9,13.28,4,"1971-04-23",1,0
338293,"2013-01-13","2013-01-18","M",24.9,4.73,4,"1955-11-27",10,0
384337,"2013-02-10","2013-02-12","XL",21.9,4.16,4,"1959-04-21",1,0
416759,"2013-03-02","2013-04-09","L",79.9,15.18,4,"1965-09-18",10,0
272825,"2012-11-03","2012-11-06","XXL",59.9,11.38,4,"1970-11-02",11,1
478686,"2013-03-30","2013-04-01","XXL",99.9,18.98,4,"1957-03-20",14,0
434925,"2013-03-08","2013-05-07","M",34.9,6.63,4,"?",1,0
61634,"2012-05-20","2012-05-22","xxl",89.9,17.08,4,"1965-02-11",10,1
100915,"2012-06-24","2012-06-27","m",19.9,3.78,4,"1968-11-10",10,1
336300,"2013-01-12","2013-01-18","M",24.9,4.73,4,"1956-09-18",2,0
390055,"2013-02-14","2013-02-19","XL",39.9,7.58,4,"?",8,0
360060,"2013-01-22","2013-01-28","XL",39.9,7.58,4,"1967-01-23",6,0
241221,"2012-10-07","2012-11-09","l",21.9,4.16,4,"1968-03-31",2,0
201216,"2012-09-12","2012-09-14","xl",24.9,4.73,4,"1964-11-06",11,1
249191,"2012-10-14","2012-11-29","xxl",59.9,11.38,4,"1972-12-07",2,0
244240,"2012-10-10","2012-10-26","xl",24.9,4.73,4,"1963-12-07",10,0
126951,"2012-07-03","2012-07-05","xxl",39.9,7.58,4,"1972-07-01",7,1
305545,"2012-12-18","2012-12-20","L",59.9,11.38,4,"1975-11-30",8,0
143666,"2012-07-27","2012-07-30","l",21.9,4.16,4,"1968-10-18",10,0
182383,"2012-08-26","2012-08-28","xl",29.9,5.68,4,"?",8,1
5087,"2012-04-06","2012-05-16","xl",39.9,7.58,4,"1966-06-17",2,0
148803,"2012-08-02","2012-08-07","xl",119.9,22.78,4,"1958-11-08",10,1
153208,"2012-08-05","2012-08-08","xl",39.9,7.58,4,"1966-05-12",2,1
137822,"2012-07-18","2012-07-20","l",21.9,4.16,4,"1962-01-12",11,0
431377,"2013-03-06","2013-03-11","M",49.9,9.48,4,"1969-11-30",8,1
320809,"2013-01-06","2013-01-08","L",79.9,15.18,4,"1955-03-19",2,0
422788,"2013-03-03","2013-04-17","S",49.9,9.48,4,"1972-02-07",10,0
209062,"2012-09-15","2012-09-19","l",34.9,6.63,4,"1950-10-22",2,0
75981,"2012-06-01","2012-06-04","l",69.9,13.28,4,"1958-06-05",8,0
378997,"2013-02-05","2013-04-12","M",99.9,18.98,4,"1963-02-07",10,1
58762,"2012-05-18","2012-05-22","m",39.9,7.58,4,"?",11,1
476882,"2013-03-29","2013-06-06","M",59.9,11.38,4,"1968-11-24",10,1
215570,"2012-09-17","2012-11-15","l",59.9,11.38,4,"2010-11-19",13,1
206805,"2012-09-14","2012-09-17","l",21.9,4.16,4,"1969-01-21",3,0
44081,"2012-05-05","2012-05-23","xxl",39.9,7.58,4,"1965-07-06",8,0
280613,"2012-11-14","2012-11-16","XXL",26.9,5.11,4,"1966-09-19",2,0
162054,"2012-08-09","2012-08-13","xl",24.9,4.73,4,"1980-12-09",6,1
63028,"2012-05-21","2012-05-24","l",89.9,17.08,4,"1965-11-17",15,1
151995,"2012-08-04","2012-08-07","l",69.9,13.28,4,"1961-02-03",10,0
95048,"2012-06-18","2012-06-20","m",21.9,4.16,4,"1960-06-25",2,0
325594,"2013-01-09","2013-01-11","S",59.9,11.38,4,"1984-02-07",8,1
425903,"2013-03-05","2013-03-07","S",34.9,6.63,3,"1953-02-03",8,0
386131,"2013-02-11","2013-02-13","M",29.9,5.68,4,"1984-11-29",2,1
386025,"2013-02-11","2013-02-13","XL",26.9,5.11,3,"1957-05-12",4,0
412313,"2013-03-01","2013-03-05","L",39.9,7.58,4,"?",13,1
338859,"2013-01-13","2013-01-18","L",24.9,4.73,4,"1957-06-24",2,1
258147,"2012-10-20","2012-10-24","l",59.9,11.38,4,"1962-02-03",10,0
288282,"2012-11-26","2012-12-07","s",99.9,18.98,4,"1970-11-07",10,0
230021,"2012-09-26","2012-09-28","l",34.9,6.63,4,"1963-10-25",1,1
60753,"2012-05-20","2012-07-23","xxl",59.9,11.38,4,"1957-11-18",11,1
422434,"2013-03-03","2013-03-06","L",79.9,15.18,4,"?",2,1
186273,"2012-08-29","2012-08-30","m",24.9,4.73,4,"1962-08-03",10,0
88549,"2012-06-12","2012-06-13","l",16.9,3.21,4,"?",16,0
444859,"2013-03-12","2013-05-22","L",49.9,9.48,4,"1964-03-18",15,0
361018,"2013-01-23","2013-01-24","xxl",21.9,4.16,4,"1978-02-28",8,1
99988,"2012-06-22","2012-07-02","l",69.9,13.28,4,"1971-11-13",8,0
79493,"2012-06-03","2012-06-05","xl",24.9,4.73,4,"?",1,0
401578,"2013-02-23","2013-02-27","L",24.9,4.73,4,"1964-06-08",8,1
295223,"2012-12-05","2012-12-07","XL",39.9,7.58,4,"1963-03-02",1,0
111345,"2012-06-28","2012-06-29","l",39.9,7.58,4,"1965-04-14",1,0
393651,"2013-02-17","2013-02-20","L",59.9,11.38,3,"?",1,0
133726,"2012-07-13","1990-12-31","m",19.9,3.78,4,"1962-09-03",2,1
434268,"2013-03-08","2013-03-20","xxl",39.9,7.58,4,"1958-04-18",2,1
156938,"2012-08-07","2012-08-08","l",99.9,18.98,4,"1967-07-31",13,0
62048,"2012-05-20","2012-05-22","m",14.9,2.83,4,"1950-07-16",10,0
405607,"2013-02-26","2013-04-09","XL",79.9,15.18,4,"1973-02-19",2,0
333225,"2013-01-11","2013-01-14","xxl",34.9,6.63,4,"1956-04-19",10,0
112593,"2012-06-28","2012-07-03","s",24.9,4.73,4,"1975-03-17",1,0
32297,"2012-04-24","2012-06-04","xl",59.9,11.38,4,"1956-01-11",10,0
206323,"2012-09-14","2012-09-17","xl",26.9,5.11,4,"1970-11-28",7,0
246168,"2012-10-11","2012-10-15","xxl",21.9,4.16,4,"1976-05-11",10,0
400614,"2013-02-23","2013-02-26","L",49.9,9.48,4,"1963-05-04",2,0
331148,"2013-01-11","2013-01-15","XXL",74.9,14.23,4,"?",4,0
340500,"2013-01-14","2013-01-25","L",34.9,6.63,3,"1982-01-07",1,1
242431,"2012-10-08","2012-11-14","xxl",29.9,5.68,4,"1964-04-02",8,1
337148,"2013-01-12","2013-02-28","M",119.9,22.78,4,"1964-11-17",8,1
209342,"2012-09-15","2012-09-18","m",99.9,18.98,4,"1962-10-31",6,1
420014,"2013-03-03","2013-03-06","XXL",59.9,11.38,4,"1975-05-30",2,1
290603,"2012-11-28","2012-11-29","S",24.9,4.73,4,"1965-01-14",1,1
114625,"2012-06-29","2012-07-02","s",59.9,11.38,4,"1965-04-01",10,1
32390,"2012-04-25","2012-04-26","m",69.9,13.28,4,"1955-12-07",10,0
58345,"2012-05-18","2012-05-21","s",89.9,17.08,4,"1958-12-16",10,0
64261,"2012-05-22","2012-05-23","s",14.9,2.83,4,"1964-02-02",2,0
128283,"2012-07-04","2012-07-06","xxl",49.9,9.48,4,"1966-03-01",10,0
161831,"2012-08-09","2012-08-13","m",99.9,18.98,4,"1969-06-18",10,1
230472,"2012-09-26","2012-10-02","xl",69.9,13.28,4,"1960-04-17",7,1
102303,"2012-06-23","2012-06-26","xxl",59.9,11.38,4,"1950-04-13",1,1
333269,"2013-01-11","2013-01-17","M",79.9,15.18,4,"1956-02-04",2,0
203281,"2012-09-13","2012-09-14","m",24.9,4.73,4,"1960-12-21",10,1
167664,"2012-08-13","2012-08-14","s",69.9,13.28,4,"1979-12-19",2,1
413301,"2013-03-01","2013-04-09","L",69.9,13.28,4,"?",14,1
248179,"2012-10-13","2012-10-17","m",119.9,22.78,4,"1979-11-28",1,1
236747,"2012-10-03","2012-10-04","m",21.9,4.16,4,"1949-09-21",7,0
382072,"2013-02-08","2013-02-11","XL",19.9,3.78,4,"1964-01-16",11,1
470993,"2013-03-26","2013-06-06","L",59.9,11.38,4,"1958-12-06",1,1
181514,"2012-08-27","2012-11-27","l",89.9,17.08,4,"1943-11-16",3,1
281655,"2012-11-16","?","xxl",26.9,5.11,4,"1965-07-30",1,0
361849,"2013-01-23","2013-03-18","L",49.9,9.48,3,"?",3,0
402555,"2013-02-24","2013-05-01","S",21.9,4.16,4,"1967-07-11",7,0
150054,"2012-08-03","2012-08-06","l",29.9,5.68,4,"1965-03-31",3,0
341548,"2013-01-14","2013-01-16","L",49.9,9.48,4,"1975-12-11",2,1
102068,"2012-06-23","2012-06-27","l",69.9,13.28,4,"1964-07-07",2,1
421993,"2013-03-03","2013-03-14","L",99.9,18.98,4,"1967-01-31",10,0
478406,"2013-03-30","2013-04-04","XL",69.9,13.28,4,"1967-09-22",8,1
436128,"2013-03-09","2013-03-12","XXL",89.9,17.08,4,"1980-08-07",1,1
177660,"2012-08-22","?","l",69.9,13.28,4,"1966-05-12",2,0
205346,"2012-09-14","2012-09-17","s",69.9,13.28,4,"1956-03-26",3,0
295464,"2012-12-06","2012-12-10","M",39.9,7.58,4,"1962-11-10",1,1
325774,"2013-01-09","2013-01-11","S",59.9,11.38,4,"1963-03-28",2,0
296722,"2012-12-08","2012-12-10","XXL",21.9,4.16,4,"1978-02-28",8,1
171500,"2012-08-16","2012-08-21","m",79.9,15.18,4,"1967-12-28",2,1
272068,"2012-11-02","2012-11-05","XL",119.9,22.78,4,"1968-07-14",11,1
473179,"2013-03-27","2013-04-09","XXL",79.9,15.18,4,"1950-04-30",14,1
275417,"2012-11-07","?","M",129.9,24.68,4,"1965-05-06",8,0
125992,"2012-07-03","?","l",9.4,1.79,4,"1959-05-04",13,0
263384,"2012-10-24","2012-11-22","m",119.9,22.78,4,"1963-05-29",13,1
66071,"2012-05-23","2012-05-25","xxl",59.9,11.38,4,"1974-12-30",10,1
261693,"2012-10-23","2012-10-25","m",21.9,4.16,4,"?",2,0
314269,"2012-12-30","2013-01-01","S",29.9,5.68,4,"1980-05-29",9,1
424538,"2013-03-04","2013-03-06","M",24.9,4.73,4,"1965-10-07",10,0
326516,"2013-01-09","2013-01-11","L",99.95,18.99,4,"1963-05-15",1,0
105013,"2012-06-27","2012-07-05","xxl",39.9,7.58,4,"1961-11-01",11,1
259603,"2012-10-21","2012-11-05","l",59.9,11.38,4,"1960-03-26",10,0
340027,"2013-01-13","2013-01-24","M",129.9,24.68,4,"1971-10-27",2,0
153723,"2012-08-05","2012-08-08","m",59.9,11.38,4,"1973-12-27",2,1
186087,"2012-08-29","2012-08-30","xxl",69.9,13.28,4,"1961-10-01",10,1
448653,"2013-03-14","2013-07-01","L",89.9,17.08,4,"1962-04-10",3,0
415841,"2013-03-02","2013-03-25","L",21.9,4.16,4,"1963-07-12",16,0
120992,"2012-07-02","2012-07-04","xxl",49.9,9.48,4,"1968-09-19",8,1
20213,"2012-04-15","2012-04-24","l",59.9,11.38,4,"1958-06-02",15,0
100683,"2012-06-24","2012-06-26","l",9.9,1.88,4,"1958-03-13",10,0
461190,"2013-03-20","2013-03-22","XL",39.9,7.58,4,"1951-03-13",8,1
234436,"2012-09-30","2012-10-29","m",119.9,22.78,4,"?",2,1
212680,"2012-09-17","2012-09-18","l",69.9,13.28,4,"1967-01-14",8,1
125667,"2012-07-03","2012-07-31","l",39.9,7.58,4,"1972-05-04",3,0
84168,"2012-06-07","2012-06-19","m",49.9,9.48,4,"1900-11-19",1,0
361630,"2013-01-24","?","l",39.9,7.58,4,"1965-07-16",10,0
422813,"2013-03-04","2013-03-08","L",34.9,6.63,4,"1973-01-05",10,0
31070,"2012-04-23","2012-04-26","l",29.9,5.68,4,"1966-11-01",7,1
150823,"2012-08-04","2012-08-07","xxl",26.9,5.11,4,"1955-09-23",13,1
278006,"2012-11-11","2012-11-13","M",22.95,4.36,4,"1970-02-17",11,0
397562,"2013-02-21","2013-02-25","M",49.9,9.48,4,"1962-12-07",10,1
106384,"2012-06-27","2012-06-28","xxl",24.9,4.73,4,"1958-01-25",14,1
434086,"2013-03-07","2013-03-12","M",69.9,13.28,4,"?",7,1
460828,"2013-03-20","2013-05-03","S",79.9,15.18,4,"1972-02-27",3,1
99771,"2012-06-22","2012-06-26","s",14.9,2.83,4,"1900-11-19",2,1
477655,"2013-03-29","2013-05-23","L",59.9,11.38,4,"1969-12-08",11,1
201468,"2012-09-12","2012-09-13","l",119.9,22.78,4,"1954-03-01",7,0
65400,"2012-05-23","2012-05-25","m",69.9,13.28,4,"1969-11-16",15,1
184539,"2012-08-28","2012-08-30","xl",59.9,11.38,4,"?",1,1
480496,"2013-03-31","2013-05-29","M",79.9,15.18,4,"1967-11-05",1,0
457505,"2013-03-18","2013-03-21","XL",26.9,5.11,4,"1979-07-25",8,1
402404,"2013-02-24","2013-03-06","M",29.9,5.68,4,"?",2,0
37684,"2012-04-30","2012-06-26","s",119.9,22.78,4,"1900-11-19",5,1
70397,"2012-05-27","?","m",9.9,1.88,4,"1956-07-20",10,0
71435,"2012-05-28","2012-05-30","m",34.9,6.63,4,"1969-09-29",2,0
309173,"2012-12-24","2013-01-01","XXL",39.9,7.58,4,"1956-10-22",10,1
378920,"2013-02-05","2013-02-07","L",89.9,17.08,4,"1968-12-16",8,1
219179,"2012-09-19","2012-09-20","xxl",26.9,5.11,4,"1967-04-08",1,0
323109,"2013-01-08","2013-01-18","M",24.9,4.73,4,"1957-03-20",13,0
327317,"2013-01-10","2013-01-17","L",89.9,17.08,4,"1972-03-12",16,0
78270,"2012-06-02","2012-06-05","l",49.9,9.48,4,"1968-02-26",2,0
379231,"2013-02-05","2013-02-12","S",49.9,9.48,4,"?",1,1
32727,"2012-04-25","2012-05-01","xxl",49.9,9.48,4,"1973-01-19",10,1
434454,"2013-03-08","2013-03-12","XXL",29.9,5.68,4,"1959-03-27",10,1
169560,"2012-08-14","2012-08-17","m",79.9,15.18,4,"1959-04-01",4,0
93907,"2012-06-17","2012-06-20","xxl",79.9,15.18,4,"1971-04-26",8,0
326479,"2013-01-09","2013-02-14","L",129.9,24.68,4,"1976-09-14",16,0
308843,"2012-12-24","2013-01-01","M",69.9,13.28,4,"?",15,0
12314,"2012-04-09","?","xl",54.9,10.43,4,"1960-01-10",1,0
389238,"2013-02-14","2013-04-22","M",39.9,7.58,4,"1960-05-18",8,1
133634,"2012-07-11","2012-07-16","xl",69.9,13.28,4,"1971-01-01",1,1
379706,"2013-02-06","2013-02-07","S",26.9,5.11,4,"1963-11-18",10,0
76923,"2012-06-01","2012-06-04","xl",59.9,11.38,3,"1971-04-26",3,0
480435,"2013-03-31","?","XL",99.9,18.98,4,"?",8,0
344160,"2013-01-15","2013-02-14","L",99.9,18.98,4,"?",10,1
28058,"2012-04-24","2012-04-27","xl",24.9,4.73,4,"1953-05-16",7,0
36016,"2012-04-28","2012-05-01","xxl",21.9,4.16,4,"?",1,1
361805,"2013-01-24","2013-01-24","s",24.9,4.73,4,"1963-09-17",10,1
439342,"2013-03-10","2013-03-12","M",29.9,5.68,4,"?",10,1
428883,"2013-03-05","2013-03-08","L",39.9,7.58,4,"1958-02-28",2,0
275570,"2012-11-07","2012-11-08","XL",59.9,11.38,4,"?",1,0
218016,"2012-09-18","2012-11-05","xxl",59.9,11.38,4,"?",8,1
100955,"2012-06-24","2012-06-26","m",29.9,5.68,4,"1968-10-07",1,0
362940,"2013-01-24","2013-01-28","XL",69.9,13.28,4,"1960-05-24",8,1
372770,"2013-01-31","2013-02-04","L",59.9,11.38,4,"1970-12-31",10,0
346683,"2013-01-16","?","s",59.9,11.38,4,"1971-06-29",8,0
393475,"2013-02-17","2013-02-21","XL",89.9,17.08,4,"?",13,1
139622,"2012-07-21","2012-07-24","xxl",13.9,2.64,4,"1970-04-20",1,1
220080,"2012-09-19","2012-09-21","xxl",24.9,4.73,4,"1953-10-20",10,1
446588,"2013-03-13","2013-04-01","M",29.9,5.68,4,"1968-05-15",10,0
445696,"2013-03-13","2013-03-15","XL",79.9,15.18,4,"1964-02-26",1,1
474856,"2013-03-27","2013-04-26","XXL",79.9,15.18,4,"1963-01-24",1,0
471234,"2013-03-25","2013-03-28","M",59.9,11.38,4,"1961-07-21",8,0
79059,"2012-06-03","2012-06-05","xl",29.9,5.68,4,"1969-06-06",8,1
256045,"2012-10-19","2012-10-23","xl",16.9,3.21,4,"1972-12-16",2,0
460908,"2013-03-20","2013-04-04","xl",89.9,17.08,4,"1964-08-17",13,1
192713,"2012-09-04","2012-09-05","xxl",21.9,4.16,4,"1951-11-08",9,1
399953,"2013-02-22","2013-05-10","M",59.9,11.38,4,"1964-09-22",1,1
216294,"2012-09-17","2012-10-27","m",59.9,11.38,4,"1975-05-27",10,1
434224,"2013-03-08","?","XXL",89.9,17.08,4,"1964-09-17",7,0
299092,"2012-12-11","2012-12-12","XL",99.9,18.98,4,"1962-09-05",7,1
265817,"2012-10-27","2012-12-03","m",99.9,18.98,4,"1967-06-18",10,0
321796,"2013-01-07","2013-01-08","L",119.9,22.78,4,"1953-01-14",1,1
229301,"2012-09-25","2012-10-08","m",21.9,4.16,4,"?",1,0
43471,"2012-05-05","2012-05-09","xl",69.9,13.28,4,"1963-11-02",10,0
262803,"2012-10-23","2012-10-27","l",24.9,4.73,4,"1968-10-18",1,0
348404,"2013-01-17","2013-01-21","xxl",26.9,5.11,4,"1965-10-01",8,0
376266,"2013-02-03","2013-02-06","M",26.9,5.11,4,"1965-05-22",2,0
332549,"2013-01-11","2013-01-14","M",29.9,5.68,4,"1983-10-20",13,0
357636,"2013-01-21","2013-01-23","XL",49.9,9.48,4,"1954-08-20",11,0
202625,"2012-09-13","2012-09-14","xxl",59.9,11.38,4,"1960-11-22",10,1
473090,"2013-03-26","2013-05-29","M",59.9,11.38,4,"1957-05-21",16,1
74408,"2012-05-30","2012-06-01","xl",89.9,17.08,4,"1970-03-08",2,0
247327,"2012-10-13","?","l",69.9,13.28,4,"1968-12-17",7,0
162086,"2012-08-09","2012-08-13","l",59.9,11.38,4,"1961-08-29",3,1
235304,"2012-10-01","2012-10-04","xl",69.9,13.28,4,"1965-12-31",10,1
96789,"2012-06-19","1990-12-31","xl",14.9,2.83,4,"1978-07-02",10,0
308122,"2012-12-25","2013-01-01","m",39.9,7.58,3,"1961-05-24",10,0
302430,"2012-12-17","2012-12-20","s",59.9,11.38,4,"1971-01-10",9,1
324320,"2013-01-09","2013-02-08","XXXL",89.95,17.09,4,"1966-01-30",10,1
313620,"2012-12-29","2013-01-02","L",59.9,11.38,4,"1970-07-16",8,1
26687,"2012-04-20","2012-04-26","m",19.9,3.78,4,"1961-09-11",1,0
318302,"2013-01-04","2013-01-21","XL",89.9,17.08,4,"1966-01-21",2,0
342614,"2013-01-14","2013-02-27","M",59.9,11.38,4,"1961-12-18",13,0
369335,"2013-01-28","2013-02-04","XL",39.9,7.58,4,"1960-03-27",10,0
194332,"2012-09-05","2012-09-06","s",79.9,15.18,3,"1966-10-26",16,1
150186,"2012-08-03","?","l",24.9,4.73,4,"1980-12-09",6,0
450322,"2013-03-15","2013-05-03","L",59.9,11.38,4,"1966-04-09",2,1
466341,"2013-03-23","2013-04-09","XXL",19.9,3.78,4,"1960-10-05",15,0
450718,"2013-03-16","2013-03-18","m",29.9,5.68,4,"1951-06-03",8,0
113804,"2012-06-28","2012-07-03","l",39.9,7.58,3,"1965-09-29",8,1
47136,"2012-05-08","2012-05-11","s",39.9,7.58,4,"?",10,0
82036,"2012-06-05","2012-06-20","xl",21.9,4.16,4,"1940-06-21",8,0
313767,"2012-12-30","2013-01-01","S",59.9,11.38,4,"?",3,0
241143,"2012-10-07","2012-10-11","xl",89.9,17.08,4,"1963-12-12",2,0
376158,"2013-02-03","2013-02-08","M",24.9,4.73,4,"1986-01-27",16,0
273423,"2012-11-04","2012-11-06","XL",49.9,9.48,4,"1966-02-26",3,1
46494,"2012-05-08","2012-05-09","m",49.9,9.48,4,"1966-11-12",2,1
235872,"2012-10-02","2012-10-03","xl",21.9,4.16,4,"?",10,1
9294,"2012-04-08","2012-05-04","xxl",79.9,15.18,4,"1969-11-17",1,1
333860,"2013-01-11","2013-01-21","XL",99.9,18.98,4,"1970-06-25",1,1
143984,"2012-07-27","2012-08-01","xxl",69.9,13.28,4,"1960-09-16",4,1
95236,"2012-06-18","2012-06-21","s",49.9,9.48,4,"?",10,1
327213,"2013-01-10","2013-01-14","M",89.9,17.08,4,"1985-08-18",10,0
316714,"2013-01-02","2013-02-27","XXL",59.9,11.38,4,"1963-12-07",2,1
363166,"2013-01-24","2013-01-28","XL",39.9,7.58,4,"?",10,1
476057,"2013-03-28","?","L",49.9,9.48,4,"?",8,0
321582,"2013-01-07","?","XL",69.9,13.28,4,"1945-01-29",1,0
421115,"2013-03-03","2013-04-04","XXL",24.9,4.73,4,"1960-12-15",1,0
374389,"2013-02-02","2013-02-04","m",59.9,11.38,4,"?",10,0
71785,"2012-05-28","2012-05-30","m",79.9,15.18,4,"1964-04-21",2,0
278547,"2012-11-11","2012-11-14","L",49.9,9.48,4,"1969-05-20",10,1
172533,"2012-08-17","2012-08-23","xxl",49.9,9.48,4,"1968-09-24",11,1
352215,"2013-01-18","2013-03-25","XL",59.9,11.38,4,"1963-07-22",10,0
99470,"2012-06-22","2012-06-26","l",39.9,7.58,4,"1964-01-22",1,1
61538,"2012-05-20","2012-05-23","xl",69.9,13.28,4,"?",10,1
194588,"2012-09-05","2012-09-07","l",49.9,9.48,4,"1955-07-21",7,1
208440,"2012-09-15","2012-09-19","l",69.9,13.28,4,"1969-02-06",10,1
220137,"2012-09-19","2012-09-21","m",34.9,6.63,4,"1968-09-22",14,0
93190,"2012-06-16","2012-06-19","l",7.9,1.5,4,"1973-01-02",8,0
409995,"2013-02-28","2013-04-18","L",59.9,11.38,4,"1972-05-24",8,1
276936,"2012-11-09","2012-12-17","XXL",99.9,18.98,4,"1976-10-20",16,1
163459,"2012-08-10","2012-09-24","l",99.9,18.98,4,"1969-12-27",7,0
416884,"2013-03-02","2013-03-06","M",34.9,6.63,4,"1960-02-05",3,1
168684,"2012-08-14","2012-08-16","xxl",49.9,9.48,4,"1960-10-20",7,1
300009,"2012-12-12","2012-12-13","XXL",39.9,7.58,4,"1960-02-22",10,1
142399,"2012-07-25","2012-07-26","xl",59.9,11.38,4,"1961-12-18",10,1
410433,"2013-02-28","2013-04-15","L",59.9,11.38,4,"1965-02-25",10,1
410081,"2013-02-28","2013-03-04","L",79.9,15.18,4,"1963-09-30",1,0
229109,"2012-09-25","2012-09-27","m",34.9,6.63,4,"1954-06-30",7,1
413016,"2013-03-01","2013-03-05","L",29.9,5.68,4,"1974-03-15",7,1
69376,"2012-05-26","2012-05-29","xxl",19.9,3.78,4,"1953-04-15",10,1
23462,"2012-04-18","2012-04-19","xl",69.9,13.28,4,"1959-06-04",1,1
156314,"2012-08-06","2012-08-09","xxl",199.9,37.98,4,"1955-10-13",8,0
298696,"2012-12-10","2012-12-13","M",209,39.71,4,"1967-01-17",1,1
286400,"2012-11-22","2012-11-26","S",99.9,18.98,4,"1963-07-14",10,1
239724,"2012-10-06","2012-12-17","xxl",69.9,13.28,4,"1956-04-23",8,0
303595,"2012-12-16","2012-12-18","XL",69.9,13.28,4,"1970-12-27",16,0
380395,"2013-02-06","2013-02-12","XL",79.9,15.18,4,"1964-01-06",1,1
44851,"2012-05-06","?","m",29.9,5.68,4,"1965-12-20",8,0
379287,"2013-02-06","2013-03-22","XXL",119.9,22.78,4,"1961-05-05",2,0
2701,"2012-04-03","?","xl",59.9,11.38,4,"1960-09-17",2,0
71379,"2012-05-28","2012-05-29","xl",24.9,4.73,4,"1956-03-11",10,1
46377,"2012-05-07","2012-05-09","xl",69.9,13.28,4,"1968-04-07",10,0
379867,"2013-02-06","2013-02-07","xxl",39.9,7.58,4,"1960-12-25",10,0
187799,"2012-08-30","2012-09-05","xl",29.9,5.68,4,"1960-02-14",10,0
330459,"2013-01-10","2013-01-14","M",279,53.01,4,"1970-12-30",3,0
187765,"2012-08-30","2012-11-28","l",99.9,18.98,4,"1970-03-08",2,0
152892,"2012-08-06","2012-08-08","xxl",49.9,9.48,4,"1968-12-23",2,1
122090,"2012-07-01","2012-07-03","m",39.9,7.58,4,"1968-04-07",4,1
305816,"2012-12-19","2012-12-20","m",119.9,22.78,4,"1957-08-23",15,0
274853,"2012-11-06","2012-11-22","L",79.9,15.18,4,"1955-01-27",2,0
65840,"2012-05-23","2012-05-25","m",59.9,11.38,4,"1965-02-09",2,1
75878,"2012-05-31","2012-06-05","xl",39.9,7.58,4,"1966-09-23",10,1
214632,"2012-09-17","2012-11-09","m",49.9,9.48,4,"1951-10-05",10,0
1572,"2012-04-02","2012-04-06","m",59.9,11.38,4,"1968-02-01",4,1
193861,"2012-09-05","2012-09-10","l",49.9,9.48,4,"1972-11-25",10,0
388445,"2013-02-13","2013-02-15","XL",21.9,4.16,4,"1962-12-09",11,0
106359,"2012-06-27","1990-12-31","xxl",21.9,4.16,4,"1973-06-09",1,1
374526,"2013-02-02","2013-02-12","L",21.9,4.16,4,"1955-12-06",1,0
331141,"2013-01-11","2013-02-06","S",89.9,17.08,4,"1946-11-01",7,1
226141,"2012-09-24","2012-09-26","l",34.9,6.63,4,"1961-11-15",2,1
606,"2012-04-03","2012-04-04","xxl",39.9,7.58,4,"1954-07-17",1,1
307906,"2012-12-21","2013-01-02","S",49.9,9.48,4,"1971-11-11",10,1
286070,"2012-11-22","2012-11-26","XL",39.9,7.58,4,"1970-11-02",11,0
17310,"2012-04-12","2012-04-17","xxl",21.9,4.16,4,"1968-12-29",10,1
196300,"2012-09-07","2012-09-10","xl",21.9,4.16,4,"1964-08-07",8,0
155642,"2012-08-06","2012-08-08","xxl",99.9,18.98,4,"1969-07-04",10,0
355204,"2013-01-20","2013-01-22","xl",59.9,11.38,4,"1959-10-24",10,1
80567,"2012-06-04","2012-06-13","m",14.9,2.83,4,"1959-11-20",10,1
252256,"2012-10-16","2012-10-19","l",169.9,32.28,4,"1958-10-12",10,0
452471,"2013-03-16","?","M",34.9,6.63,4,"1966-01-17",7,0
304492,"2012-12-16","2012-12-20","S",16.9,3.21,4,"1954-09-04",15,0
59950,"2012-05-19","2012-05-22","m",39.9,7.58,4,"1959-10-10",10,0
430072,"2013-03-06","2013-04-09","XL",39.9,7.58,4,"1964-07-18",10,1
391402,"2013-02-16","2013-02-18","s",89.9,17.08,4,"1962-12-12",3,0
346634,"2013-01-16","2013-01-21","XXL",21.9,4.16,4,"1965-07-10",8,0
362930,"2013-01-24","?","L",99.9,18.98,4,"1963-08-04",8,0
199604,"2012-09-10","2012-09-13","m",69.9,13.28,4,"1970-05-23",2,1
127486,"2012-07-04","2012-07-18","l",34.9,6.63,4,"1968-11-19",6,0
322566,"2013-01-08","2013-02-27","L",79.9,15.18,4,"1972-07-18",13,1
448811,"2013-03-15","2013-03-28","l",16.9,3.21,4,"1978-12-18",10,0
311453,"2012-12-27","2013-01-01","L",24.9,4.73,4,"1970-02-09",3,1
137029,"2012-07-15","2012-08-02","xxl",79.9,15.18,4,"1972-02-16",1,0
429904,"2013-03-06","2013-03-08","XL",69.9,13.28,4,"1956-06-08",10,1
321048,"2013-01-06","2013-01-14","L",69.9,13.28,4,"?",10,1
344766,"2013-01-15","2013-02-27","XXL",79.9,15.18,4,"1958-04-20",10,1
80678,"2012-06-04","?","l",39.9,7.58,4,"1964-12-01",1,0
293776,"2012-12-04","2013-01-14","XXL",29.9,5.68,4,"1971-11-11",8,0
12863,"2012-04-09","2012-05-11","l",79.9,15.18,4,"1965-01-03",1,1
150541,"2012-08-03","2012-08-07","xl",89.9,17.08,4,"1978-03-08",11,1
325104,"2013-01-09","2013-01-11","XXL",26.9,5.11,4,"?",1,0
314097,"2012-12-30","2013-01-01","L",39.9,7.58,4,"1959-09-22",2,1
15265,"2012-04-11","2012-04-12","xl",59.9,11.38,4,"1964-01-01",10,1
142918,"2012-07-26","2012-07-30","xxl",29.9,5.68,4,"1961-11-16",11,0
281146,"2012-11-15","2012-11-19","XL",49.9,9.48,4,"1939-07-04",3,1
350019,"2013-01-17","2013-01-21","L",79.9,15.18,3,"?",8,0
354401,"2013-01-19","2013-02-08","XL",29.95,5.69,4,"?",10,0
237176,"2012-10-03","2012-10-16","l",119.9,22.78,4,"1973-08-14",7,1
413853,"2013-03-01","2013-03-04","XXL",69.9,13.28,4,"1968-06-29",10,1
24113,"2012-04-19","2012-04-24","l",24.9,4.73,4,"1964-03-11",4,0
310307,"2012-12-25","2013-01-01","XL",119.9,22.78,4,"1969-08-05",10,1
417658,"2013-03-02","2013-03-05","XXL",29.9,5.68,4,"1974-08-31",7,0
135963,"2012-07-14","2012-07-18","m",21.9,4.16,4,"1962-10-28",6,0
473105,"2013-03-26","2013-03-29","L",39.9,7.58,4,"1957-02-25",10,1
393040,"2013-02-17","2013-04-15","S",34.9,6.63,4,"1949-11-19",8,0
159963,"2012-08-08","2012-08-10","xl",39.9,7.58,4,"1964-06-12",8,1
457937,"2013-03-19","2013-05-06","M",29.9,5.68,4,"1954-04-15",4,0
433054,"2013-03-07","2013-03-11","m",29.9,5.68,4,"1956-06-02",10,1
100294,"2012-06-23","2012-06-26","m",69.9,13.28,4,"1965-04-06",5,1
137252,"2012-07-16","2012-08-02","xxl",19.9,3.78,4,"1964-02-28",10,0
350043,"2013-01-17","?","XL",39.9,7.58,4,"1949-11-19",1,0
